{
 "cells": [
  {
   "cell_type": "code",
   "execution_count": null,
   "metadata": {
    "collapsed": false,
    "scrolled": true
   },
   "outputs": [],
   "source": [
    "\"\"\"\n",
    "mapparser.py\n",
    "\"\"\"\n",
    "import xml.etree.cElementTree as ET\n",
    "import pprint\n",
    "\n",
    "\n",
    "def count_tags(filename):\n",
    "    d = {}\n",
    "    for event, elem in ET.iterparse(filename):\n",
    "        if elem.tag in d:\n",
    "            d[elem.tag] += 1\n",
    "        else:\n",
    "            d[elem.tag] = 1\n",
    "            \n",
    "    return d\n",
    "\n",
    "\n",
    "def test():\n",
    "    osm_file = open(\"/Users/jpowell/Downloads/data/miami_florida.osm\", \"r\")\n",
    "\n",
    "    tags = count_tags(osm_file)\n",
    "    pprint.pprint(tags)\n",
    "\n",
    "if __name__ == \"__main__\":\n",
    "    test()\n"
   ]
  },
  {
   "cell_type": "code",
   "execution_count": null,
   "metadata": {
    "collapsed": false,
    "scrolled": true
   },
   "outputs": [],
   "source": [
    "\"\"\"\n",
    "tags.py\n",
    "\"\"\"\n",
    "\n",
    "import xml.etree.cElementTree as ET\n",
    "import pprint\n",
    "import re\n",
    "\n",
    "lower = re.compile(r'^([a-z]|_)*$')\n",
    "lower_colon = re.compile(r'^([a-z]|_)*:([a-z]|_)*$')\n",
    "upper = re.compile(r'^([A-Z]|_)*$')\n",
    "upper_colon = re.compile(r'^([A-Z]|_)*:([A-Z]|_)*$')\n",
    "lower_upper_colon = re.compile(r'^([a-z]|_)*:([A-Z]|_)*$')\n",
    "\n",
    "problemchars = re.compile(r'[=\\+/&<>;\\'\"\\?%#$@\\,\\. \\t\\r\\n]')\n",
    "\n",
    "\n",
    "def key_type(element, keys):\n",
    "    if element.tag == \"tag\":\n",
    "        for tag in element.iter(\"tag\"):\n",
    "            value = tag.attrib['k'] \n",
    "            if lower.search(value):\n",
    "                keys['lower'] += 1\n",
    "#                 print 'lower'\n",
    "#                 print value\n",
    "            elif lower_colon.search(value):\n",
    "                keys['lower_colon'] += 1\n",
    "#                 print 'lower_colon'\n",
    "#                 print value\n",
    "            elif upper.search(value):\n",
    "                keys['upper'] += 1\n",
    "#                 print 'lower'\n",
    "#                 print value\n",
    "            elif upper_colon.search(value):\n",
    "                keys['upper_colon'] += 1\n",
    "#                 print 'lower_colon'\n",
    "#                 print value\n",
    "            elif lower_upper_colon.search(value):\n",
    "                keys['lower_upper_colon'] += 1\n",
    "#                 print 'lower_colon'\n",
    "#                 print value\n",
    "            elif problemchars.search(value):\n",
    "                keys['problemchars'] += 1\n",
    "                print 'problemchars'\n",
    "                print value\n",
    "            else:\n",
    "                keys['other'] += 1\n",
    "#                 print 'other'\n",
    "#                 print value\n",
    "\n",
    "    return keys\n",
    "\n",
    "\n",
    "def count_tags(element, dictionary):\n",
    "    if element.tag == \"tag\":\n",
    "        for tag in element.iter(\"tag\"):\n",
    "            value = tag.attrib[\"k\"]\n",
    "            # print elem.tag\n",
    "            if value in dictionary:\n",
    "                dictionary[value] += 1\n",
    "            else:\n",
    "                dictionary[value] = 1\n",
    "        # print pprint.pprint(d)\n",
    "    return dictionary\n",
    "\n",
    "\n",
    "def process_map(filename):\n",
    "    d = {}\n",
    "    keys = {\"lower\": 0, \"lower_colon\": 0, \"upper\": 0, \"upper_colon\": 0, \"lower_upper_colon\": 0, \"problemchars\": 0, \"other\": 0}\n",
    "    for _, element in ET.iterparse(filename):\n",
    "        keys = key_type(element, keys)\n",
    "        d = count_tags(element, d)\n",
    "\n",
    "    return keys, d\n",
    "\n",
    "\n",
    "def test():\n",
    "    # You can use another testfile 'map.osm' to look at your solution\n",
    "    # Note that the assertions will be incorrect then.\n",
    "    osm_file = open(\"/Users/jpowell/Downloads/data/miami_florida.osm\", \"r\")\n",
    "\n",
    "    keys = process_map(osm_file)\n",
    "    pprint.pprint(keys)\n",
    "    \n",
    "\n",
    "if __name__ == \"__main__\":\n",
    "    test()"
   ]
  },
  {
   "cell_type": "code",
   "execution_count": null,
   "metadata": {
    "collapsed": false
   },
   "outputs": [],
   "source": [
    "#!/usr/bin/env python\n",
    "# -*- coding: utf-8 -*-\n",
    "import xml.etree.cElementTree as ET\n",
    "import pprint\n",
    "import re\n",
    "\"\"\"\n",
    "Your task is to explore the data a bit more.\n",
    "The first task is a fun one - find out how many unique users\n",
    "have contributed to the map in this particular area!\n",
    "\n",
    "The function process_map should return a set of unique user IDs (\"uid\")\n",
    "\"\"\"\n",
    "\n",
    "def get_user(element):\n",
    "\tif 'uid' in element.attrib.keys():\n",
    "\t\tuser = element.attrib['uid']\n",
    "\n",
    "\t\treturn user\n",
    "\n",
    "\n",
    "def process_map(filename):\n",
    "    users = set()\n",
    "    user_list = []\n",
    "    for _, element in ET.iterparse(filename):\n",
    "\t  \tif 'uid' in element.attrib.keys():\n",
    "\t\t\tuser = element.attrib['uid']\n",
    "  \t\t\tuser_list.append(user)\n",
    "\n",
    "    users = set(user_list)\n",
    "    return users\n",
    "\n",
    "\n",
    "def test():\n",
    "    osm_file = open(\"/Users/jpowell/Downloads/data/miami_florida.osm\", \"r\")\n",
    "\n",
    "    users = process_map(osm_file)\n",
    "    print len(users)\n",
    "    pprint.pprint(users)\n",
    "\n",
    "\n",
    "if __name__ == \"__main__\":\n",
    "    test()"
   ]
  },
  {
   "cell_type": "code",
   "execution_count": null,
   "metadata": {
    "collapsed": false
   },
   "outputs": [],
   "source": [
    "\"\"\"\n",
    "audit.py\n",
    "\"\"\"\n",
    "import xml.etree.cElementTree as ET\n",
    "from collections import defaultdict\n",
    "import re\n",
    "import pprint\n",
    "\n",
    "\n",
    "street_type_re = re.compile(r'\\b\\S+\\.?$', re.IGNORECASE)\n",
    "street_direction_re = re.compile(r'^\\w+', re.IGNORECASE)\n",
    "\n",
    "expected = [\"Street\", \"Avenue\", \"Boulevard\", \"Drive\", \"Court\", \"Place\", \"Square\", \"Lane\", \"Road\",\n",
    "            \"Trail\", \"Parkway\", \"Commons\", \"Circle\", \"Crescent\", \"Highway\", \"Manor\", \"Terrace\",\n",
    "            \"Trace\", \"Way\", \"Causeway\", \"Point\", \"State Road\"]\n",
    "\n",
    "expected_direction = [\"North\", \"South\", \"East\", \"West\", \"Northeast\", \"Northwest\", \"Southeast\", \"Southwest\"]\n",
    "\n",
    "# UPDATE THIS VARIABLE\n",
    "mapping = { \"AVE\": \"Avenue\",\n",
    "            \"Ave\": \"Avenue\",\n",
    "            \"Ave.\": \"Avenue\",\n",
    "            \"ave\": \"Avenue\",\n",
    "            \"BLVD\": \"Boulevard\",\n",
    "            \"Blvd\": \"Boulevard\",\n",
    "            \"Blvd.\": \"Boulevard\",\n",
    "            \"Cir\": \"Circle\",\n",
    "            \"Cirlce\": \"Circle\",\n",
    "            \"Cres\": \"Crescent\",\n",
    "            \"Ct\": \"Court\",\n",
    "            \"Dr\": \"Drive\",\n",
    "            \"Druve\": \"Drive\",\n",
    "            \"HWY\": \"Highway\",\n",
    "            \"Hwy\": \"Highway\",\n",
    "            \"Ln\": \"Lane\",\n",
    "            \"Mnr\": \"Manor\",\n",
    "            \"Pkwy\": \"Parkway\",\n",
    "            \"Pl\": \"Place\",\n",
    "            \"Pt\": \"Point\",\n",
    "            \"ST\": \"Street\",\n",
    "            \"st\": \"Street\",\n",
    "            \"St\": \"Street\",\n",
    "            \"Sr\": \"State Road\",\n",
    "            \"street\": \"Street\",\n",
    "            \"St.\": \"Street\",\n",
    "            \"RD\": \"Road\",\n",
    "            \"Rd\": \"Road\",\n",
    "            \"Rd.\": \"Road\",\n",
    "            \"Ter\": \"Terrace\",\n",
    "            \"Trce\": \"Trace\",\n",
    "            \"Trl\": \"Trail\", \n",
    "            \"NW\": \"Northwest\",\n",
    "            \"Cv\": \"Cove\",\n",
    "            \"Hwy-1\": \"US Highway 1\",\n",
    "            \"Ste\": \"Suite\",\n",
    "            \"Spgs\" : \"\"\n",
    "            }\n",
    "\n",
    "mapping_direction = {\n",
    "            \"N\": \"North\",\n",
    "            \"S\": \"South\",\n",
    "            \"E\": \"East\",\n",
    "            \"W\": \"West\",\n",
    "            \"NE\": \"Northeast\",\n",
    "            \"Norhwest\": \"Northwest\",\n",
    "            \"NW\": \"Northwest\",\n",
    "            \"SE\": \"Southeast\",\n",
    "            \"SW\": \"Southwest\",\n",
    "            \"sw\": \"Southwest\",\n",
    "            \"southwest\": \"Southwest\", \n",
    "            \"St\": \"Saint\",\n",
    "            \"Hwy\": \"Highway\", \n",
    "            \"royal\": \"Royal\",\n",
    "            \"wellington\": \"Wellington\"\n",
    "}\n",
    "\n",
    "\n",
    "def audit_street_type(street_types, street_name):\n",
    "    m = street_type_re.search(update_name(street_name, mapping))\n",
    "    if m:\n",
    "        street_type = m.group()\n",
    "        if street_type not in expected:\n",
    "            street_types[street_type].add(street_name)\n",
    "\n",
    "\n",
    "def audit_street_direction(street_directions, street_name):\n",
    "    m = street_direction_re.search(update_name(street_name, mapping_direction))\n",
    "    if m:\n",
    "        street_direction = m.group()\n",
    "        if street_direction not in expected_direction:\n",
    "            street_directions[street_direction].add(street_name)\n",
    "\n",
    "\n",
    "def audit_state(state_name, street_name):\n",
    "    if state_name not in expected_state:\n",
    "        street_directions[street_direction].add(street_name)\n",
    "\n",
    "            \n",
    "def is_street_name(elem):\n",
    "    return (elem.attrib['k'] == \"addr:street\")\n",
    "\n",
    "\n",
    "def is_zip_code(elem):\n",
    "    return (elem.attrib['k'] == \"addr:postcode\")\n",
    "\n",
    "\n",
    "def is_state(elem):\n",
    "    return (elem.attrib['k'] == \"addr:state\")\n",
    "\n",
    "\n",
    "def is_house_no(elem):\n",
    "    return (elem.attrib['k'] == \"addr:housenumber\")\n",
    "\n",
    "\n",
    "def is_city(elem):\n",
    "    return (elem.attrib['k'] == \"addr:city\")\n",
    "\n",
    "\n",
    "def audit_type(osmfile):\n",
    "    osm_file = osmfile\n",
    "    street_types = defaultdict(set)\n",
    "    for event, elem in ET.iterparse(osm_file, events=(\"start\",)):\n",
    "        if elem.tag == \"node\" or elem.tag == \"way\":\n",
    "            for tag in elem.iter(\"tag\"):\n",
    "                if is_street_name(tag):\n",
    "                    audit_street_type(street_types, tag.attrib['v'])\n",
    "\n",
    "    return street_types\n",
    "\n",
    "\n",
    "def audit_direction(osmfile):\n",
    "    osm_file = osmfile\n",
    "    street_directions = defaultdict(set)\n",
    "    for event, elem in ET.iterparse(osm_file, events=(\"start\",)):\n",
    "        if elem.tag == \"node\" or elem.tag == \"way\":\n",
    "            for tag in elem.iter(\"tag\"):\n",
    "                if is_street_name(tag):\n",
    "                    audit_street_direction(street_directions, tag.attrib['v'])\n",
    "                if is_zip_code(tag):                  \n",
    "                    zip_code = re.sub(r\"\\D\", \"\", tag.attrib['v'])\n",
    "#                     print zip_code[0:5]\n",
    "#                 if is_state(tag):\n",
    "#                     print tag.attrib['v']\n",
    "#                 if is_city(tag):\n",
    "#                     print tag.attrib['v']\n",
    "                if is_house_no(tag):\n",
    "                    print tag.attrib['v']\n",
    "\n",
    "\n",
    "  \n",
    "    return street_directions\n",
    "\n",
    "\n",
    "def update_name(name, mapping):\n",
    "    m = street_type_re.search(name)\n",
    "    if m:\n",
    "        street_type = m.group()\n",
    "        if street_type in mapping:\n",
    "            name = name.replace(street_type, mapping[street_type])\n",
    "\n",
    "    a = street_direction_re.search(name)\n",
    "    if a: \n",
    "        street_direction = a.group()\n",
    "        if street_direction in mapping:\n",
    "            name = name.replace(street_direction, mapping[street_direction])\n",
    "            \n",
    "    return name\n",
    "\n",
    "\n",
    "def test():\n",
    "    osmfile = open(\"/Users/jpowell/Downloads/data/miami_florida_sample.osm\", \"r\")\n",
    "    \n",
    "#     st_types = audit_type(osmfile)\n",
    "#     print len(st_types)\n",
    "#     pprint.pprint(dict(st_types))\n",
    "\n",
    "\n",
    "    st_directions = audit_direction(osmfile)\n",
    "    print len(st_directions)\n",
    "#     pprint.pprint(dict(st_directions))\n",
    "    \n",
    "    \n",
    "#     for st_type, ways in st_types.iteritems():\n",
    "#         for name in ways:\n",
    "#             better_name = update_name(name, mapping)\n",
    "#             print name, \"=>\", better_name\n",
    "\n",
    "#     for st_direction, ways in st_directions.iteritems():\n",
    "#         for name in ways:\n",
    "#             print name\n",
    "#             better_name = update_name(name, mapping_direction)\n",
    "#             print better_name\n",
    "\n",
    "\n",
    "if __name__ == '__main__':\n",
    "    test()"
   ]
  },
  {
   "cell_type": "code",
   "execution_count": null,
   "metadata": {
    "collapsed": false
   },
   "outputs": [],
   "source": [
    "\"\"\"\n",
    "Your task is to wrangle the data and transform the shape of the data\n",
    "into the model we mentioned earlier. The output should be a list of dictionaries\n",
    "that look like this:\n",
    "\n",
    "{\n",
    "\"id\": \"2406124091\",\n",
    "\"type: \"node\",\n",
    "\"visible\":\"true\",\n",
    "\"created\": {\n",
    "          \"version\":\"2\",\n",
    "          \"changeset\":\"17206049\",\n",
    "          \"timestamp\":\"2013-08-03T16:43:42Z\",\n",
    "          \"user\":\"linuxUser16\",\n",
    "          \"uid\":\"1219059\"\n",
    "        },\n",
    "\"pos\": [41.9757030, -87.6921867],\n",
    "\"address\": {\n",
    "          \"housenumber\": \"5157\",\n",
    "          \"postcode\": \"60625\",\n",
    "          \"street\": \"North Lincoln Ave\"\n",
    "        },\n",
    "\"amenity\": \"restaurant\",\n",
    "\"cuisine\": \"mexican\",\n",
    "\"name\": \"La Cabana De Don Luis\",\n",
    "\"phone\": \"1 (773)-271-5176\"\n",
    "}\n",
    "\n",
    "You have to complete the function 'shape_element'.\n",
    "We have provided a function that will parse the map file, and call the function with the element\n",
    "as an argument. You should return a dictionary, containing the shaped data for that element.\n",
    "We have also provided a way to save the data in a file, so that you could use\n",
    "mongoimport later on to import the shaped data into MongoDB.\n",
    "\n",
    "Note that in this exercise we do not use the 'update street name' procedures\n",
    "you worked on in the previous exercise. If you are using this code in your final\n",
    "project, you are strongly encouraged to use the code from previous exercise to\n",
    "update the street names before you save them to JSON.\n",
    "\n",
    "In particular the following things should be done:\n",
    "- you should process only 2 types of top level tags: \"node\" and \"way\"\n",
    "- all attributes of \"node\" and \"way\" should be turned into regular key/value pairs, except:\n",
    "    - attributes in the CREATED array should be added under a key \"created\"\n",
    "    - attributes for latitude and longitude should be added to a \"pos\" array,\n",
    "      for use in geospacial indexing. Make sure the values inside \"pos\" array are floats\n",
    "      and not strings.\n",
    "- if second level tag \"k\" value contains problematic characters, it should be ignored\n",
    "- if second level tag \"k\" value starts with \"addr:\", it should be added to a dictionary \"address\"\n",
    "- if second level tag \"k\" value does not start with \"addr:\", but contains \":\", you can process it\n",
    "  same as any other tag.\n",
    "- if there is a second \":\" that separates the type/direction of a street,\n",
    "  the tag should be ignored, for example:\n",
    "\n",
    "<tag k=\"addr:housenumber\" v=\"5158\"/>\n",
    "<tag k=\"addr:street\" v=\"North Lincoln Avenue\"/>\n",
    "<tag k=\"addr:street:name\" v=\"Lincoln\"/>\n",
    "<tag k=\"addr:street:prefix\" v=\"North\"/>\n",
    "<tag k=\"addr:street:type\" v=\"Avenue\"/>\n",
    "<tag k=\"amenity\" v=\"pharmacy\"/>\n",
    "\n",
    "  should be turned into:\n",
    "\n",
    "{...\n",
    "\"address\": {\n",
    "    \"housenumber\": 5158,\n",
    "    \"street\": \"North Lincoln Avenue\"\n",
    "}\n",
    "\"amenity\": \"pharmacy\",\n",
    "...\n",
    "}\n",
    "\n",
    "- for \"way\" specifically:\n",
    "\n",
    "  <nd ref=\"305896090\"/>\n",
    "  <nd ref=\"1719825889\"/>\n",
    "\n",
    "should be turned into\n",
    "\"node_refs\": [\"305896090\", \"1719825889\"]\n",
    "\"\"\"\n",
    "\n",
    "import xml.etree.cElementTree as ET\n",
    "import pprint\n",
    "import re\n",
    "import codecs\n",
    "import json\n",
    "from collections import defaultdict\n",
    "\n",
    "lower = re.compile(r'^([a-z]|_)*$')\n",
    "lower_colon = re.compile(r'^([a-z]|_)*:([a-z]|_)*$')\n",
    "problemchars = re.compile(r'[=\\+/&<>;\\'\"\\?%#$@\\,\\. \\t\\r\\n]')\n",
    "street_type_re = re.compile(r'\\b\\S+\\.?$', re.IGNORECASE)\n",
    "street_direction_re = re.compile(r'^\\w+', re.IGNORECASE)\n",
    "\n",
    "CREATED = [\"version\", \"changeset\", \"timestamp\", \"user\", \"uid\"]\n",
    "\n",
    "MAPPING = { \"AVE\": \"Avenue\",\n",
    "            \"Ave\": \"Avenue\",\n",
    "            \"Ave.\": \"Avenue\",\n",
    "            \"ave\": \"Avenue\",\n",
    "            \"BLVD\": \"Boulevard\",\n",
    "            \"Blvd\": \"Boulevard\",\n",
    "            \"Blvd.\": \"Boulevard\",\n",
    "            \"Cir\": \"Circle\",\n",
    "            \"Cirlce\": \"Circle\",\n",
    "            \"Cres\": \"Crescent\",\n",
    "            \"Ct\": \"Court\",\n",
    "            \"Dr\": \"Drive\",\n",
    "            \"Druve\": \"Drive\",\n",
    "            \"HWY\": \"Highway\",\n",
    "            \"Hwy\": \"Highway\",\n",
    "            \"Ln\": \"Lane\",\n",
    "            \"Mnr\": \"Manor\",\n",
    "            \"Pkwy\": \"Parkway\",\n",
    "            \"Pl\": \"Place\",\n",
    "            \"Pt\": \"Point\",\n",
    "            \"ST\": \"Street\",\n",
    "            \"st\": \"Street\",\n",
    "            \"St\": \"Street\",\n",
    "            \"Sr\": \"State Road\",\n",
    "            \"street\": \"Street\",\n",
    "            \"St.\": \"Street\",\n",
    "            \"RD\": \"Road\",\n",
    "            \"Rd\": \"Road\",\n",
    "            \"Rd.\": \"Road\",\n",
    "            \"Ter\": \"Terrace\",\n",
    "            \"Trce\": \"Trace\",\n",
    "            \"Trl\": \"Trail\", \n",
    "            \"NW\": \"Northwest\",\n",
    "            \"Cv\": \"Cove\",\n",
    "            \"Hwy-1\": \"US Highway 1\",\n",
    "            \"Ste\": \"Suite\",\n",
    "            \"Spgs\" : \"\"\n",
    "            }\n",
    "\n",
    "MAPPING_DIRECTION = {\n",
    "            \"N\": \"North\",\n",
    "            \"S\": \"South\",\n",
    "            \"E\": \"East\",\n",
    "            \"W\": \"West\",\n",
    "            \"NE\": \"Northeast\",\n",
    "            \"Norhwest\": \"Northwest\",\n",
    "            \"NW\": \"Northwest\",\n",
    "            \"SE\": \"Southeast\",\n",
    "            \"SW\": \"Southwest\",\n",
    "            \"sw\": \"Southwest\",\n",
    "            \"southwest\": \"Southwest\", \n",
    "            \"St\": \"Saint\",\n",
    "            \"Hwy\": \"Highway\", \n",
    "            \"royal\": \"Royal\",\n",
    "            \"wellington\": \"Wellington\"\n",
    "}\n",
    "\n",
    "\n",
    "def update_name(name, mapping):\n",
    "    m = street_type_re.search(name)\n",
    "    if m:\n",
    "        street_type = m.group()\n",
    "        if street_type in mapping:\n",
    "            name = name.replace(street_type, mapping[street_type])\n",
    "\n",
    "    a = street_direction_re.search(name)\n",
    "    if a: \n",
    "        street_direction = a.group()\n",
    "        if street_direction in mapping:\n",
    "            name = name.replace(street_direction, mapping[street_direction])\n",
    " \n",
    "    return name\n",
    "\n",
    "\n",
    "def shape_element(element):\n",
    "    node = {\"created\": {}, \"type\": 'node', \"address\": {}, \"node_refs\": []}\n",
    "    if element.tag == \"node\" or element.tag == \"way\":\n",
    "        node[\"type\"] = element.tag\n",
    "        # print element.tag\n",
    "        # print element.attrib.keys()\n",
    "        for key in element.attrib.keys():\n",
    "            if key in CREATED:\n",
    "                node[\"created\"][key] = element.attrib[key]\n",
    "            elif key == \"lat\" or key == \"lon\":\n",
    "                node[\"pos\"] = []\n",
    "                lat = float(element.attrib[\"lat\"])\n",
    "                lon = float(element.attrib[\"lon\"])\n",
    "                node[\"pos\"].extend((lat, lon))\n",
    "            else:\n",
    "                node[key] = element.attrib[key]\n",
    "\n",
    "        for child in element:\n",
    "            if child.tag == \"tag\":\n",
    "                if problemchars.search(child.attrib[\"k\"]):\n",
    "                    continue\n",
    "                elif child.attrib[\"k\"].startswith(\"addr:\"):\n",
    "                    addr_attribute = child.attrib[\"k\"].replace(\"addr:\", \"\")\n",
    "                    if not lower_colon.search(addr_attribute):\n",
    "                        if addr_attribute == \"full\":\n",
    "                            continue\n",
    "                        elif addr_attribute == \"street\":\n",
    "#                             print addr_attribute\n",
    "#                             print child.attrib[\"v\"]\n",
    "#                             print update_name(child.attrib[\"v\"], MAPPING)\n",
    "                            node[\"address\"][addr_attribute] = update_name(child.attrib[\"v\"], MAPPING)\n",
    "                            node[\"address\"][addr_attribute] = update_name(child.attrib[\"v\"], MAPPING_DIRECTION)\n",
    "#                             print node[\"address\"]\n",
    "                        elif addr_attribute == \"city\":\n",
    "                            city = re.sub(r\", Florida\", \"\", child.attrib['v'])\n",
    "                            city = re.sub(r\", FL\", \"\", city)\n",
    "                            node[\"address\"][addr_attribute] = city.title()\n",
    "                        elif addr_attribute == \"state\":\n",
    "                            node[\"address\"][addr_attribute] = \"FL\"\n",
    "                        elif addr_attribute == \"housenumber\":\n",
    "                            node[\"address\"][addr_attribute] = re.sub(r\"\\W\", \"\", child.attrib['v'])\n",
    "                        elif addr_attribute == \"postalcode\":\n",
    "                            node[\"address\"][addr_attribute] = re.sub(r\"\\D\", \"\", child.attrib['v'])\n",
    "                        else:\n",
    "                            node[\"address\"][addr_attribute] = child.attrib[\"v\"]\n",
    "#                             print node\n",
    "#                     print node[\"address\"]\n",
    "                else: \n",
    "                    node[child.attrib[\"k\"]] = child.attrib[\"v\"]\n",
    "            elif child.tag == \"nd\":\n",
    "                node[\"node_refs\"].append(child.attrib[\"ref\"])\n",
    "            else:\n",
    "                print child.tag, child.attrib\n",
    "\n",
    "        if not bool(node[\"address\"]):\n",
    "            node.pop(\"address\", None)\n",
    "        if not bool(node[\"node_refs\"]):\n",
    "            node.pop(\"node_refs\", None)\n",
    "\n",
    "#         print node\n",
    "        return node\n",
    "    else:\n",
    "        return None\n",
    "\n",
    "\n",
    "def process_map(file_in, pretty=False):\n",
    "    # You do not need to change this file\n",
    "    file_out = \"{0}.json\".format(file_in)\n",
    "    data = []\n",
    "    with codecs.open(file_out, \"w\") as fo:\n",
    "        for _, element in ET.iterparse(file_in):\n",
    "            el = shape_element(element)\n",
    "            if el:\n",
    "                data.append(el)\n",
    "                if pretty:\n",
    "                    fo.write(json.dumps(el, indent=2)+\"\\n\")\n",
    "                else:\n",
    "                    fo.write(json.dumps(el) + \"\\n\")\n",
    "    return data\n",
    "\n",
    "\n",
    "def test():\n",
    "    # NOTE: if you are running this code on your computer, with a larger dataset,\n",
    "    # call the process_map procedure with pretty=False. The pretty=True option adds\n",
    "    # additional spaces to the output, making it significantly larger.\n",
    "    osmfile = \"/Users/jpowell/Downloads/data/miami_florida.osm\"\n",
    "    data = process_map(osmfile, False)\n",
    "#     pprint.pprint(data)\n",
    "\n",
    "\n",
    "if __name__ == \"__main__\":\n",
    "    test()\n"
   ]
  },
  {
   "cell_type": "code",
   "execution_count": null,
   "metadata": {
    "collapsed": true
   },
   "outputs": [],
   "source": [
    "#!/usr/bin/env python\n",
    "# -*- coding: utf-8 -*-\n",
    "\n",
    "import xml.etree.ElementTree as ET  # Use cElementTree or lxml if too slow\n",
    "\n",
    "# OSM_FILE = \"osm_file.osm\"  # Replace this with your osm file\n",
    "OSM_FILE = \"/Users/jpowell/Downloads/data/miami_florida.osm\"\n",
    "SAMPLE_FILE = \"/Users/jpowell/Downloads/data/miami_florida_sample.osm\"\n",
    "\n",
    "\n",
    "def get_element(osm_file, tags=('node', 'way', 'relation')):\n",
    "    \"\"\"Yield element if it is the right type of tag\n",
    "\n",
    "    Reference:\n",
    "    http://stackoverflow.com/questions/3095434/inserting-newlines-in-xml-file-generated-via-xml-etree-elementtree-in-python\n",
    "    \"\"\"\n",
    "    context = ET.iterparse(osm_file, events=('start', 'end'))\n",
    "    _, root = next(context)\n",
    "    for event, elem in context:\n",
    "        if event == 'end' and elem.tag in tags:\n",
    "            yield elem\n",
    "            root.clear()\n",
    "\n",
    "\n",
    "with open(SAMPLE_FILE, 'wb') as output:\n",
    "    output.write('<?xml version=\"1.0\" encoding=\"UTF-8\"?>\\n')\n",
    "    output.write('<osm>\\n  ')\n",
    "\n",
    "    # Write every 20th top level element\n",
    "    for i, element in enumerate(get_element(OSM_FILE)):\n",
    "        if i % 20 == 0:\n",
    "            output.write(ET.tostring(element, encoding='utf-8'))\n",
    "\n",
    "    output.write('</osm>')"
   ]
  },
  {
   "cell_type": "code",
   "execution_count": 38,
   "metadata": {
    "collapsed": false
   },
   "outputs": [
    {
     "name": "stdout",
     "output_type": "stream",
     "text": [
      "[{u'_id': None, u'count': 1710726},\n",
      " {u'_id': u'pitch', u'count': 1969},\n",
      " {u'_id': u'park', u'count': 1013},\n",
      " {u'_id': u'swimming_pool', u'count': 713},\n",
      " {u'_id': u'playground', u'count': 104},\n",
      " {u'_id': u'golf_course', u'count': 100},\n",
      " {u'_id': u'sports_centre', u'count': 79},\n",
      " {u'_id': u'stadium', u'count': 56},\n",
      " {u'_id': u'marina', u'count': 45},\n",
      " {u'_id': u'track', u'count': 43}]\n"
     ]
    }
   ],
   "source": [
    "\"\"\"\n",
    "mongoDB.py\n",
    "\"\"\"\n",
    "\n",
    "# import os\n",
    "# print os.getcwd()\n",
    "\n",
    "import sys\n",
    "sys.path.append('/usr/local/lib/python2.7/site-packages')\n",
    "\n",
    "import pymongo\n",
    "\n",
    "def get_db(db_name):\n",
    "    from pymongo import MongoClient\n",
    "    client = MongoClient('localhost:27017')\n",
    "    db = client[db_name]\n",
    "    return db\n",
    "\n",
    "def make_pipeline():\n",
    "    # complete the aggregation pipeline\n",
    "    pipeline = [\n",
    "# users with only 1 post\n",
    "#         {\"$group\": {\"_id\": \"$created.user\", \"count\": {\"$sum\": 1}}},\n",
    "#         {\"$group\": {\"_id\": \"$count\", \"num_users\": {\"$sum\": 1}}},\n",
    "#         {\"$sort\": {\"_id\": 1}}, \n",
    "#         {\"$limit\": 1} \n",
    "# top contributors\n",
    "#         {\"$group\": {\"_id\": \"$created.user\", \"count\": {\"$sum\": 1}}},\n",
    "#         {\"$sort\": {\"count\": -1}}, \n",
    "#         {\"$limit\": 10} \n",
    "# top postal_codes by user\n",
    "#         {\"$match\": {\"address.postcode\": {\"$exists\":1}}},\n",
    "#         {\"$group\": {\"_id\": {\n",
    "#                         \"postcode\":\"$address.postcode\", \n",
    "#                         \"user\":\"$created.user\"\n",
    "#                     }, \n",
    "#                     \"postcode_count\": {\"$sum\": 1}}},\n",
    "#         {\"$sort\": {\"postcode_count\": -1}}, \n",
    "#         {\"$limit\": 10} \n",
    "# top city by user\n",
    "#         {\"$match\": {\"address.city\": {\"$exists\":1}}},\n",
    "#         {\"$group\": {\"_id\": {\n",
    "#                         \"city\":\"$address.city\", \n",
    "#                         \"user\":\"$created.user\"\n",
    "#                     }, \n",
    "#                     \"city_count\": {\"$sum\": 1}}},\n",
    "#         {\"$sort\": {\"city_count\": -1}}, \n",
    "#         {\"$limit\": 10} \n",
    "# top state by user\n",
    "#         {\"$match\": {\"address.state\": {\"$exists\":1}}},\n",
    "#         {\"$group\": {\"_id\": {\n",
    "#                         \"state\":\"$address.state\", \n",
    "#                         \"user\":\"$created.user\"\n",
    "#                     }, \n",
    "#                     \"state_count\": {\"$sum\": 1}}},\n",
    "#         {\"$sort\": {\"state_count\": -1}}, \n",
    "#         {\"$limit\": 10} \n",
    "# top waterway categories\n",
    "#         {\"$group\": {\"_id\": \"$waterway\", \"count\": {\"$sum\": 1}}},\n",
    "#         {\"$sort\": {\"count\": -1}}, \n",
    "#         {\"$limit\": 10} \n",
    "# top natural categories\n",
    "#         {\"$group\": {\"_id\": \"$natural\", \"count\": {\"$sum\": 1}}},\n",
    "#         {\"$sort\": {\"count\": -1}}, \n",
    "#         {\"$limit\": 10} \n",
    "# top leisure categories\n",
    "        {\"$group\": {\"_id\": \"$leisure\", \"count\": {\"$sum\": 1}}},\n",
    "        {\"$sort\": {\"count\": -1}}, \n",
    "        {\"$limit\": 10} \n",
    "# top amenities\n",
    "#         {\"$match\": {\"amenity\": {\"$exists\":1}}},\n",
    "#         {\"$group\": {\"_id\": \"$amenity\", \"count\": {\"$sum\": 1}}},\n",
    "#         {\"$sort\": {\"count\": -1}}, \n",
    "#         {\"$limit\": 10} \n",
    "# biggest religion\n",
    "#         {\"$match\": {\"amenity\": {\"$exists\":1}, \"amenity\":\"place_of_worship\"}}, \n",
    "#         {\"$group\": {\"_id\": \"$religion\", \"count\": {\"$sum\": 1}}},\n",
    "#         {\"$sort\": {\"count\": -1}}, \n",
    "#         {\"$limit\": 10}         \n",
    "# popular cuisines\n",
    "#         {\"$match\": {\"amenity\": {\"$exists\":1}, \"amenity\":\"restaurant\"}}, \n",
    "#         {\"$group\": {\"_id\": \"$restaurant\", \"count\": {\"$sum\": 1}}},\n",
    "#         {\"$sort\": {\"count\": -1}}, \n",
    "#         {\"$limit\": 10}         \n",
    "    ]\n",
    "    return pipeline\n",
    "\n",
    "def aggregate(db, pipeline):\n",
    "    return [doc for doc in db.master1.aggregate(pipeline)]\n",
    "\n",
    "if __name__ == '__main__':\n",
    "    db = get_db('miami_osm')\n",
    "#     # of documents\n",
    "#     result = db.master1.find().count()\n",
    "#     # of nodes\n",
    "#     result = db.master1.find({\"type\":\"node\"}).count()\n",
    "#     # of ways\n",
    "#     result = db.master1.find({\"type\":\"way\"}).count()\n",
    "#     # of unique users\n",
    "#     result = len(db.master1.distinct(\"created.user\"))\n",
    "\n",
    "    pipeline = make_pipeline()\n",
    "    result = aggregate(db, pipeline)\n",
    "    \n",
    "\n",
    "    import pprint\n",
    "    pprint.pprint(result)\n",
    "\n"
   ]
  },
  {
   "cell_type": "code",
   "execution_count": null,
   "metadata": {
    "collapsed": true
   },
   "outputs": [],
   "source": []
  }
 ],
 "metadata": {
  "kernelspec": {
   "display_name": "Python 2",
   "language": "python",
   "name": "python2"
  },
  "language_info": {
   "codemirror_mode": {
    "name": "ipython",
    "version": 2
   },
   "file_extension": ".py",
   "mimetype": "text/x-python",
   "name": "python",
   "nbconvert_exporter": "python",
   "pygments_lexer": "ipython2",
   "version": "2.7.11"
  }
 },
 "nbformat": 4,
 "nbformat_minor": 0
}
